-- MySQL dump 10.13  Distrib 8.0.18, for Win64 (x86_64)
--
-- Host: localhost    Database: projectcdb
-- ------------------------------------------------------
-- Server version	8.0.18

/*!40101 SET @OLD_CHARACTER_SET_CLIENT=@@CHARACTER_SET_CLIENT */;
/*!40101 SET @OLD_CHARACTER_SET_RESULTS=@@CHARACTER_SET_RESULTS */;
/*!40101 SET @OLD_COLLATION_CONNECTION=@@COLLATION_CONNECTION */;
/*!50503 SET NAMES utf8 */;
/*!40103 SET @OLD_TIME_ZONE=@@TIME_ZONE */;
/*!40103 SET TIME_ZONE='+00:00' */;
/*!40014 SET @OLD_UNIQUE_CHECKS=@@UNIQUE_CHECKS, UNIQUE_CHECKS=0 */;
/*!40014 SET @OLD_FOREIGN_KEY_CHECKS=@@FOREIGN_KEY_CHECKS, FOREIGN_KEY_CHECKS=0 */;
/*!40101 SET @OLD_SQL_MODE=@@SQL_MODE, SQL_MODE='NO_AUTO_VALUE_ON_ZERO' */;
/*!40111 SET @OLD_SQL_NOTES=@@SQL_NOTES, SQL_NOTES=0 */;

--
-- Table structure for table `announcements`
--

DROP TABLE IF EXISTS `announcements`;
/*!40101 SET @saved_cs_client     = @@character_set_client */;
/*!50503 SET character_set_client = utf8mb4 */;
CREATE TABLE `announcements` (
  `AnnouncementsID` int(11) NOT NULL,
  `Text` varchar(45) DEFAULT NULL,
  `VakID` int(11) DEFAULT NULL,
  PRIMARY KEY (`AnnouncementsID`)
) ENGINE=InnoDB DEFAULT CHARSET=utf8mb4 COLLATE=utf8mb4_0900_ai_ci;
/*!40101 SET character_set_client = @saved_cs_client */;

--
-- Dumping data for table `announcements`
--

LOCK TABLES `announcements` WRITE;
/*!40000 ALTER TABLE `announcements` DISABLE KEYS */;
/*!40000 ALTER TABLE `announcements` ENABLE KEYS */;
UNLOCK TABLES;

--
-- Table structure for table `bericht`
--

DROP TABLE IF EXISTS `bericht`;
/*!40101 SET @saved_cs_client     = @@character_set_client */;
/*!50503 SET character_set_client = utf8mb4 */;
CREATE TABLE `bericht` (
  `BerichtID` int(11) NOT NULL,
  `Text` varchar(45) DEFAULT NULL,
  `VoirigBericht` int(11) DEFAULT NULL,
  `ChatID` int(11) DEFAULT NULL,
  `UserID` int(11) DEFAULT NULL,
  PRIMARY KEY (`BerichtID`)
) ENGINE=InnoDB DEFAULT CHARSET=utf8mb4 COLLATE=utf8mb4_0900_ai_ci;
/*!40101 SET character_set_client = @saved_cs_client */;

--
-- Dumping data for table `bericht`
--

LOCK TABLES `bericht` WRITE;
/*!40000 ALTER TABLE `bericht` DISABLE KEYS */;
/*!40000 ALTER TABLE `bericht` ENABLE KEYS */;
UNLOCK TABLES;

--
-- Table structure for table `chat`
--

DROP TABLE IF EXISTS `chat`;
/*!40101 SET @saved_cs_client     = @@character_set_client */;
/*!50503 SET character_set_client = utf8mb4 */;
CREATE TABLE `chat` (
  `ChatID` int(11) NOT NULL,
  `UserID` int(11) DEFAULT NULL,
  `PeerCoachID` int(11) DEFAULT NULL,
  PRIMARY KEY (`ChatID`)
) ENGINE=InnoDB DEFAULT CHARSET=utf8mb4 COLLATE=utf8mb4_0900_ai_ci;
/*!40101 SET character_set_client = @saved_cs_client */;

--
-- Dumping data for table `chat`
--

LOCK TABLES `chat` WRITE;
/*!40000 ALTER TABLE `chat` DISABLE KEYS */;
/*!40000 ALTER TABLE `chat` ENABLE KEYS */;
UNLOCK TABLES;

--
-- Table structure for table `ingeschrevenvakken`
--

DROP TABLE IF EXISTS `ingeschrevenvakken`;
/*!40101 SET @saved_cs_client     = @@character_set_client */;
/*!50503 SET character_set_client = utf8mb4 */;
CREATE TABLE `ingeschrevenvakken` (
  `IngeschrevenvakkenID` int(11) DEFAULT NULL,
  `UserID` int(11) DEFAULT NULL,
  `vakID` int(11) NOT NULL,
  PRIMARY KEY (`vakID`)
) ENGINE=InnoDB DEFAULT CHARSET=utf8mb4 COLLATE=utf8mb4_0900_ai_ci;
/*!40101 SET character_set_client = @saved_cs_client */;

--
-- Dumping data for table `ingeschrevenvakken`
--

LOCK TABLES `ingeschrevenvakken` WRITE;
/*!40000 ALTER TABLE `ingeschrevenvakken` DISABLE KEYS */;
INSERT INTO `ingeschrevenvakken` VALUES (1,1,1);
/*!40000 ALTER TABLE `ingeschrevenvakken` ENABLE KEYS */;
UNLOCK TABLES;

--
-- Table structure for table `klas`
--

DROP TABLE IF EXISTS `klas`;
/*!40101 SET @saved_cs_client     = @@character_set_client */;
/*!50503 SET character_set_client = utf8mb4 */;
CREATE TABLE `klas` (
  `KlasID` int(11) NOT NULL,
  `Klasnaam` varchar(45) DEFAULT NULL,
  PRIMARY KEY (`KlasID`)
) ENGINE=InnoDB DEFAULT CHARSET=utf8mb4 COLLATE=utf8mb4_0900_ai_ci;
/*!40101 SET character_set_client = @saved_cs_client */;

--
-- Dumping data for table `klas`
--

LOCK TABLES `klas` WRITE;
/*!40000 ALTER TABLE `klas` DISABLE KEYS */;
INSERT INTO `klas` VALUES (77,'INF1A'),(78,'INF1B'),(79,'INF1C'),(80,'INF1D'),(81,'INF1E'),(82,'INF1F'),(83,'INF1H'),(84,'INF1I'),(85,'INF1J'),(86,'INF1K');
/*!40000 ALTER TABLE `klas` ENABLE KEYS */;
UNLOCK TABLES;

--
-- Table structure for table `peercoachwachtrij`
--

DROP TABLE IF EXISTS `peercoachwachtrij`;
/*!40101 SET @saved_cs_client     = @@character_set_client */;
/*!50503 SET character_set_client = utf8mb4 */;
CREATE TABLE `peercoachwachtrij` (
  `PeercoachWachtrijID` int(11) NOT NULL,
  `PeercoachID` varchar(45) NOT NULL,
  `WachtrijID` varchar(45) NOT NULL,
  PRIMARY KEY (`PeercoachWachtrijID`)
) ENGINE=InnoDB DEFAULT CHARSET=utf8mb4 COLLATE=utf8mb4_0900_ai_ci;
/*!40101 SET character_set_client = @saved_cs_client */;

--
-- Dumping data for table `peercoachwachtrij`
--

LOCK TABLES `peercoachwachtrij` WRITE;
/*!40000 ALTER TABLE `peercoachwachtrij` DISABLE KEYS */;
INSERT INTO `peercoachwachtrij` VALUES (1,'1','1');
/*!40000 ALTER TABLE `peercoachwachtrij` ENABLE KEYS */;
UNLOCK TABLES;

--
-- Table structure for table `roosterdag`
--

DROP TABLE IF EXISTS `roosterdag`;
/*!40101 SET @saved_cs_client     = @@character_set_client */;
/*!50503 SET character_set_client = utf8mb4 */;
CREATE TABLE `roosterdag` (
  `RoosterDagID` int(11) NOT NULL,
  `Uur1` int(11) DEFAULT NULL,
  `Uur2` int(11) DEFAULT NULL,
  `Uur3` int(11) DEFAULT NULL,
  `Uur4` int(11) DEFAULT NULL,
  `Uur5` int(11) DEFAULT NULL,
  `Uur6` int(11) DEFAULT NULL,
  `Uur7` int(11) DEFAULT NULL,
  `Uur8` int(11) DEFAULT NULL,
  `Uur9` int(11) DEFAULT NULL,
  `Uur10` int(11) DEFAULT NULL,
  `Uur11` int(11) DEFAULT NULL,
  `Uur12` int(11) DEFAULT NULL,
  `Uur13` int(11) DEFAULT NULL,
  `Uur14` int(11) DEFAULT NULL,
  `Uur15` int(11) DEFAULT NULL,
  `RoosterWeekID` int(11) DEFAULT NULL,
  `DagnNaam` varchar(45) DEFAULT NULL,
  PRIMARY KEY (`RoosterDagID`)
) ENGINE=InnoDB DEFAULT CHARSET=utf8mb4 COLLATE=utf8mb4_0900_ai_ci;
/*!40101 SET character_set_client = @saved_cs_client */;

--
-- Dumping data for table `roosterdag`
--

LOCK TABLES `roosterdag` WRITE;
/*!40000 ALTER TABLE `roosterdag` DISABLE KEYS */;
INSERT INTO `roosterdag` VALUES (77441,4411,4412,4413,4414,4415,4416,4417,4418,4419,44110,44111,44112,44113,44113,44115,44,'Maandag'),(77442,4421,4422,4423,4424,4425,4426,4427,4428,4429,44210,44211,44212,44213,44213,44215,44,'Dinsdag'),(77443,4431,4432,4433,4434,4435,4436,4437,4438,4439,44310,44311,44312,44313,44313,44315,44,'Woensdag'),(77444,4441,4442,4443,4444,4445,4446,4447,4448,4449,44410,44411,44412,44413,44413,44415,44,'Donderdag'),(77445,4451,4452,4453,4454,4455,4456,4457,4458,4459,44510,44511,44512,44513,44513,44515,44,'Vrijdag'),(77451,4511,4512,4513,4514,4515,4516,4517,4518,4519,45110,45111,45112,45113,45113,45115,45,'Maandag'),(77452,4521,4522,4523,4524,4525,4526,4527,4528,4529,45210,45211,45212,45213,45213,45215,45,'Dinsdag'),(77453,4531,4532,4533,4534,4535,4536,4537,4538,4539,45310,45311,45312,45313,45313,45315,45,'Woensdag'),(77454,4541,4542,4543,4544,4545,4546,4547,4548,4549,45410,45411,45412,45413,45413,45415,45,'Donderdag'),(77455,4551,4552,4553,4554,4555,4556,4557,4558,4559,45510,45511,45512,45513,45513,45515,45,'Vrijdag'),(77461,4611,4612,4613,4614,4615,4616,4617,4618,4619,46110,46111,46112,46113,46113,46115,46,'Maandag'),(77462,4621,4622,4623,4624,4625,4626,4627,4628,4629,46210,46211,46212,46213,46213,46215,46,'Dinsdag'),(77463,4631,4632,4633,4634,4635,4636,4637,4638,4639,46310,46311,46312,46313,46313,46315,46,'Woensdag'),(77464,4641,4642,4643,4644,4645,4646,4647,4648,4649,46410,46411,46412,46413,46413,46415,46,'Donderdag'),(77465,4651,4652,4653,4654,4655,4656,4657,4658,4659,46510,46511,46512,46513,46513,46515,46,'Vrijdag'),(78441,4411,4412,4413,4414,4415,4416,4417,4418,4419,44110,44111,44112,44113,44113,44115,44,'Maandag'),(78442,4421,4422,4423,4424,4425,4426,4427,4428,4429,44210,44211,44212,44213,44213,44215,44,'Dinsdag'),(78443,4431,4432,4433,4434,4435,4436,4437,4438,4439,44310,44311,44312,44313,44313,44315,44,'Woensdag'),(78444,4441,4442,4443,4444,4445,4446,4447,4448,4449,44410,44411,44412,44413,44413,44415,44,'Donderdag'),(78445,4451,4452,4453,4454,4455,4456,4457,4458,4459,44510,44511,44512,44513,44513,44515,44,'Vrijdag'),(78451,4511,4512,4513,4514,4515,4516,4517,4518,4519,45110,45111,45112,45113,45113,45115,45,'Maandag'),(78452,4521,4522,4523,4524,4525,4526,4527,4528,4529,45210,45211,45212,45213,45213,45215,45,'Dinsdag'),(78453,4531,4532,4533,4534,4535,4536,4537,4538,4539,45310,45311,45312,45313,45313,45315,45,'Woensdag'),(78454,4541,4542,4543,4544,4545,4546,4547,4548,4549,45410,45411,45412,45413,45413,45415,45,'Donderdag'),(78455,4551,4552,4553,4554,4555,4556,4557,4558,4559,45510,45511,45512,45513,45513,45515,45,'Vrijdag'),(78461,4611,4612,4613,4614,4615,4616,4617,4618,4619,46110,46111,46112,46113,46113,46115,46,'Maandag'),(78462,4621,4622,4623,4624,4625,4626,4627,4628,4629,46210,46211,46212,46213,46213,46215,46,'Dinsdag'),(78463,4631,4632,4633,4634,4635,4636,4637,4638,4639,46310,46311,46312,46313,46313,46315,46,'Woensdag'),(78464,4641,4642,4643,4644,4645,4646,4647,4648,4649,46410,46411,46412,46413,46413,46415,46,'Donderdag'),(78465,4651,4652,4653,4654,4655,4656,4657,4658,4659,46510,46511,46512,46513,46513,46515,46,'Vrijdag'),(79441,4411,4412,4413,4414,4415,4416,4417,4418,4419,44110,44111,44112,44113,44113,44115,44,'Maandag'),(79442,4421,4422,4423,4424,4425,4426,4427,4428,4429,44210,44211,44212,44213,44213,44215,44,'Dinsdag'),(79443,4431,4432,4433,4434,4435,4436,4437,4438,4439,44310,44311,44312,44313,44313,44315,44,'Woensdag'),(79444,4441,4442,4443,4444,4445,4446,4447,4448,4449,44410,44411,44412,44413,44413,44415,44,'Donderdag'),(79445,4451,4452,4453,4454,4455,4456,4457,4458,4459,44510,44511,44512,44513,44513,44515,44,'Vrijdag'),(79451,4511,4512,4513,4514,4515,4516,4517,4518,4519,45110,45111,45112,45113,45113,45115,45,'Maandag'),(79452,4521,4522,4523,4524,4525,4526,4527,4528,4529,45210,45211,45212,45213,45213,45215,45,'Dinsdag'),(79453,4531,4532,4533,4534,4535,4536,4537,4538,4539,45310,45311,45312,45313,45313,45315,45,'Woensdag'),(79454,4541,4542,4543,4544,4545,4546,4547,4548,4549,45410,45411,45412,45413,45413,45415,45,'Donderdag'),(79455,4551,4552,4553,4554,4555,4556,4557,4558,4559,45510,45511,45512,45513,45513,45515,45,'Vrijdag'),(79461,4611,4612,4613,4614,4615,4616,4617,4618,4619,46110,46111,46112,46113,46113,46115,46,'Maandag'),(79462,4621,4622,4623,4624,4625,4626,4627,4628,4629,46210,46211,46212,46213,46213,46215,46,'Dinsdag'),(79463,4631,4632,4633,4634,4635,4636,4637,4638,4639,46310,46311,46312,46313,46313,46315,46,'Woensdag'),(79464,4641,4642,4643,4644,4645,4646,4647,4648,4649,46410,46411,46412,46413,46413,46415,46,'Donderdag'),(79465,4651,4652,4653,4654,4655,4656,4657,4658,4659,46510,46511,46512,46513,46513,46515,46,'Vrijdag'),(80441,4411,4412,4413,4414,4415,4416,4417,4418,4419,44110,44111,44112,44113,44113,44115,44,'Maandag'),(80442,4421,4422,4423,4424,4425,4426,4427,4428,4429,44210,44211,44212,44213,44213,44215,44,'Dinsdag'),(80443,4431,4432,4433,4434,4435,4436,4437,4438,4439,44310,44311,44312,44313,44313,44315,44,'Woensdag'),(80444,4441,4442,4443,4444,4445,4446,4447,4448,4449,44410,44411,44412,44413,44413,44415,44,'Donderdag'),(80445,4451,4452,4453,4454,4455,4456,4457,4458,4459,44510,44511,44512,44513,44513,44515,44,'Vrijdag'),(80451,4511,4512,4513,4514,4515,4516,4517,4518,4519,45110,45111,45112,45113,45113,45115,45,'Maandag'),(80452,4521,4522,4523,4524,4525,4526,4527,4528,4529,45210,45211,45212,45213,45213,45215,45,'Dinsdag'),(80453,4531,4532,4533,4534,4535,4536,4537,4538,4539,45310,45311,45312,45313,45313,45315,45,'Woensdag'),(80454,4541,4542,4543,4544,4545,4546,4547,4548,4549,45410,45411,45412,45413,45413,45415,45,'Donderdag'),(80455,4551,4552,4553,4554,4555,4556,4557,4558,4559,45510,45511,45512,45513,45513,45515,45,'Vrijdag'),(80461,4611,4612,4613,4614,4615,4616,4617,4618,4619,46110,46111,46112,46113,46113,46115,46,'Maandag'),(80462,4621,4622,4623,4624,4625,4626,4627,4628,4629,46210,46211,46212,46213,46213,46215,46,'Dinsdag'),(80463,4631,4632,4633,4634,4635,4636,4637,4638,4639,46310,46311,46312,46313,46313,46315,46,'Woensdag'),(80464,4641,4642,4643,4644,4645,4646,4647,4648,4649,46410,46411,46412,46413,46413,46415,46,'Donderdag'),(80465,4651,4652,4653,4654,4655,4656,4657,4658,4659,46510,46511,46512,46513,46513,46515,46,'Vrijdag'),(81441,4411,4412,4413,4414,4415,4416,4417,4418,4419,44110,44111,44112,44113,44113,44115,44,'Maandag'),(81442,4421,4422,4423,4424,4425,4426,4427,4428,4429,44210,44211,44212,44213,44213,44215,44,'Dinsdag'),(81443,4431,4432,4433,4434,4435,4436,4437,4438,4439,44310,44311,44312,44313,44313,44315,44,'Woensdag'),(81444,4441,4442,4443,4444,4445,4446,4447,4448,4449,44410,44411,44412,44413,44413,44415,44,'Donderdag'),(81445,4451,4452,4453,4454,4455,4456,4457,4458,4459,44510,44511,44512,44513,44513,44515,44,'Vrijdag'),(81451,4511,4512,4513,4514,4515,4516,4517,4518,4519,45110,45111,45112,45113,45113,45115,45,'Maandag'),(81452,4521,4522,4523,4524,4525,4526,4527,4528,4529,45210,45211,45212,45213,45213,45215,45,'Dinsdag'),(81453,4531,4532,4533,4534,4535,4536,4537,4538,4539,45310,45311,45312,45313,45313,45315,45,'Woensdag'),(81454,4541,4542,4543,4544,4545,4546,4547,4548,4549,45410,45411,45412,45413,45413,45415,45,'Donderdag'),(81455,4551,4552,4553,4554,4555,4556,4557,4558,4559,45510,45511,45512,45513,45513,45515,45,'Vrijdag'),(81461,4611,4612,4613,4614,4615,4616,4617,4618,4619,46110,46111,46112,46113,46113,46115,46,'Maandag'),(81462,4621,4622,4623,4624,4625,4626,4627,4628,4629,46210,46211,46212,46213,46213,46215,46,'Dinsdag'),(81463,4631,4632,4633,4634,4635,4636,4637,4638,4639,46310,46311,46312,46313,46313,46315,46,'Woensdag'),(81464,4641,4642,4643,4644,4645,4646,4647,4648,4649,46410,46411,46412,46413,46413,46415,46,'Donderdag'),(81465,4651,4652,4653,4654,4655,4656,4657,4658,4659,46510,46511,46512,46513,46513,46515,46,'Vrijdag'),(82441,4411,4412,4413,4414,4415,4416,4417,4418,4419,44110,44111,44112,44113,44113,44115,44,'Maandag'),(82442,4421,4422,4423,4424,4425,4426,4427,4428,4429,44210,44211,44212,44213,44213,44215,44,'Dinsdag'),(82443,4431,4432,4433,4434,4435,4436,4437,4438,4439,44310,44311,44312,44313,44313,44315,44,'Woensdag'),(82444,4441,4442,4443,4444,4445,4446,4447,4448,4449,44410,44411,44412,44413,44413,44415,44,'Donderdag'),(82445,4451,4452,4453,4454,4455,4456,4457,4458,4459,44510,44511,44512,44513,44513,44515,44,'Vrijdag'),(82451,4511,4512,4513,4514,4515,4516,4517,4518,4519,45110,45111,45112,45113,45113,45115,45,'Maandag'),(82452,4521,4522,4523,4524,4525,4526,4527,4528,4529,45210,45211,45212,45213,45213,45215,45,'Dinsdag'),(82453,4531,4532,4533,4534,4535,4536,4537,4538,4539,45310,45311,45312,45313,45313,45315,45,'Woensdag'),(82454,4541,4542,4543,4544,4545,4546,4547,4548,4549,45410,45411,45412,45413,45413,45415,45,'Donderdag'),(82455,4551,4552,4553,4554,4555,4556,4557,4558,4559,45510,45511,45512,45513,45513,45515,45,'Vrijdag'),(82461,4611,4612,4613,4614,4615,4616,4617,4618,4619,46110,46111,46112,46113,46113,46115,46,'Maandag'),(82462,4621,4622,4623,4624,4625,4626,4627,4628,4629,46210,46211,46212,46213,46213,46215,46,'Dinsdag'),(82463,4631,4632,4633,4634,4635,4636,4637,4638,4639,46310,46311,46312,46313,46313,46315,46,'Woensdag'),(82464,4641,4642,4643,4644,4645,4646,4647,4648,4649,46410,46411,46412,46413,46413,46415,46,'Donderdag'),(82465,4651,4652,4653,4654,4655,4656,4657,4658,4659,46510,46511,46512,46513,46513,46515,46,'Vrijdag'),(83441,4411,4412,4413,4414,4415,4416,4417,4418,4419,44110,44111,44112,44113,44113,44115,44,'Maandag'),(83442,4421,4422,4423,4424,4425,4426,4427,4428,4429,44210,44211,44212,44213,44213,44215,44,'Dinsdag'),(83443,4431,4432,4433,4434,4435,4436,4437,4438,4439,44310,44311,44312,44313,44313,44315,44,'Woensdag'),(83444,4441,4442,4443,4444,4445,4446,4447,4448,4449,44410,44411,44412,44413,44413,44415,44,'Donderdag'),(83445,4451,4452,4453,4454,4455,4456,4457,4458,4459,44510,44511,44512,44513,44513,44515,44,'Vrijdag'),(83451,4511,4512,4513,4514,4515,4516,4517,4518,4519,45110,45111,45112,45113,45113,45115,45,'Maandag'),(83452,4521,4522,4523,4524,4525,4526,4527,4528,4529,45210,45211,45212,45213,45213,45215,45,'Dinsdag'),(83453,4531,4532,4533,4534,4535,4536,4537,4538,4539,45310,45311,45312,45313,45313,45315,45,'Woensdag'),(83454,4541,4542,4543,4544,4545,4546,4547,4548,4549,45410,45411,45412,45413,45413,45415,45,'Donderdag'),(83455,4551,4552,4553,4554,4555,4556,4557,4558,4559,45510,45511,45512,45513,45513,45515,45,'Vrijdag'),(83461,4611,4612,4613,4614,4615,4616,4617,4618,4619,46110,46111,46112,46113,46113,46115,46,'Maandag'),(83462,4621,4622,4623,4624,4625,4626,4627,4628,4629,46210,46211,46212,46213,46213,46215,46,'Dinsdag'),(83463,4631,4632,4633,4634,4635,4636,4637,4638,4639,46310,46311,46312,46313,46313,46315,46,'Woensdag'),(83464,4641,4642,4643,4644,4645,4646,4647,4648,4649,46410,46411,46412,46413,46413,46415,46,'Donderdag'),(83465,4651,4652,4653,4654,4655,4656,4657,4658,4659,46510,46511,46512,46513,46513,46515,46,'Vrijdag'),(84441,4411,4412,4413,4414,4415,4416,4417,4418,4419,44110,44111,44112,44113,44113,44115,44,'Maandag'),(84442,4421,4422,4423,4424,4425,4426,4427,4428,4429,44210,44211,44212,44213,44213,44215,44,'Dinsdag'),(84443,4431,4432,4433,4434,4435,4436,4437,4438,4439,44310,44311,44312,44313,44313,44315,44,'Woensdag'),(84444,4441,4442,4443,4444,4445,4446,4447,4448,4449,44410,44411,44412,44413,44413,44415,44,'Donderdag'),(84445,4451,4452,4453,4454,4455,4456,4457,4458,4459,44510,44511,44512,44513,44513,44515,44,'Vrijdag'),(84451,4511,4512,4513,4514,4515,4516,4517,4518,4519,45110,45111,45112,45113,45113,45115,45,'Maandag'),(84452,4521,4522,4523,4524,4525,4526,4527,4528,4529,45210,45211,45212,45213,45213,45215,45,'Dinsdag'),(84453,4531,4532,4533,4534,4535,4536,4537,4538,4539,45310,45311,45312,45313,45313,45315,45,'Woensdag'),(84454,4541,4542,4543,4544,4545,4546,4547,4548,4549,45410,45411,45412,45413,45413,45415,45,'Donderdag'),(84455,4551,4552,4553,4554,4555,4556,4557,4558,4559,45510,45511,45512,45513,45513,45515,45,'Vrijdag'),(84461,4611,4612,4613,4614,4615,4616,4617,4618,4619,46110,46111,46112,46113,46113,46115,46,'Maandag'),(84462,4621,4622,4623,4624,4625,4626,4627,4628,4629,46210,46211,46212,46213,46213,46215,46,'Dinsdag'),(84463,4631,4632,4633,4634,4635,4636,4637,4638,4639,46310,46311,46312,46313,46313,46315,46,'Woensdag'),(84464,4641,4642,4643,4644,4645,4646,4647,4648,4649,46410,46411,46412,46413,46413,46415,46,'Donderdag'),(84465,4651,4652,4653,4654,4655,4656,4657,4658,4659,46510,46511,46512,46513,46513,46515,46,'Vrijdag'),(85441,4411,4412,4413,4414,4415,4416,4417,4418,4419,44110,44111,44112,44113,44113,44115,44,'Maandag'),(85442,4421,4422,4423,4424,4425,4426,4427,4428,4429,44210,44211,44212,44213,44213,44215,44,'Dinsdag'),(85443,4431,4432,4433,4434,4435,4436,4437,4438,4439,44310,44311,44312,44313,44313,44315,44,'Woensdag'),(85444,4441,4442,4443,4444,4445,4446,4447,4448,4449,44410,44411,44412,44413,44413,44415,44,'Donderdag'),(85445,4451,4452,4453,4454,4455,4456,4457,4458,4459,44510,44511,44512,44513,44513,44515,44,'Vrijdag'),(85451,4511,4512,4513,4514,4515,4516,4517,4518,4519,45110,45111,45112,45113,45113,45115,45,'Maandag'),(85452,4521,4522,4523,4524,4525,4526,4527,4528,4529,45210,45211,45212,45213,45213,45215,45,'Dinsdag'),(85453,4531,4532,4533,4534,4535,4536,4537,4538,4539,45310,45311,45312,45313,45313,45315,45,'Woensdag'),(85454,4541,4542,4543,4544,4545,4546,4547,4548,4549,45410,45411,45412,45413,45413,45415,45,'Donderdag'),(85455,4551,4552,4553,4554,4555,4556,4557,4558,4559,45510,45511,45512,45513,45513,45515,45,'Vrijdag'),(85461,4611,4612,4613,4614,4615,4616,4617,4618,4619,46110,46111,46112,46113,46113,46115,46,'Maandag'),(85462,4621,4622,4623,4624,4625,4626,4627,4628,4629,46210,46211,46212,46213,46213,46215,46,'Dinsdag'),(85463,4631,4632,4633,4634,4635,4636,4637,4638,4639,46310,46311,46312,46313,46313,46315,46,'Woensdag'),(85464,4641,4642,4643,4644,4645,4646,4647,4648,4649,46410,46411,46412,46413,46413,46415,46,'Donderdag'),(85465,4651,4652,4653,4654,4655,4656,4657,4658,4659,46510,46511,46512,46513,46513,46515,46,'Vrijdag'),(86441,4411,4412,4413,4414,4415,4416,4417,4418,4419,44110,44111,44112,44113,44113,44115,44,'Maandag'),(86442,4421,4422,4423,4424,4425,4426,4427,4428,4429,44210,44211,44212,44213,44213,44215,44,'Dinsdag'),(86443,4431,4432,4433,4434,4435,4436,4437,4438,4439,44310,44311,44312,44313,44313,44315,44,'Woensdag'),(86444,4441,4442,4443,4444,4445,4446,4447,4448,4449,44410,44411,44412,44413,44413,44415,44,'Donderdag'),(86445,4451,4452,4453,4454,4455,4456,4457,4458,4459,44510,44511,44512,44513,44513,44515,44,'Vrijdag'),(86451,4511,4512,4513,4514,4515,4516,4517,4518,4519,45110,45111,45112,45113,45113,45115,45,'Maandag'),(86452,4521,4522,4523,4524,4525,4526,4527,4528,4529,45210,45211,45212,45213,45213,45215,45,'Dinsdag'),(86453,4531,4532,4533,4534,4535,4536,4537,4538,4539,45310,45311,45312,45313,45313,45315,45,'Woensdag'),(86454,4541,4542,4543,4544,4545,4546,4547,4548,4549,45410,45411,45412,45413,45413,45415,45,'Donderdag'),(86455,4551,4552,4553,4554,4555,4556,4557,4558,4559,45510,45511,45512,45513,45513,45515,45,'Vrijdag'),(86461,4611,4612,4613,4614,4615,4616,4617,4618,4619,46110,46111,46112,46113,46113,46115,46,'Maandag'),(86462,4621,4622,4623,4624,4625,4626,4627,4628,4629,46210,46211,46212,46213,46213,46215,46,'Dinsdag'),(86463,4631,4632,4633,4634,4635,4636,4637,4638,4639,46310,46311,46312,46313,46313,46315,46,'Woensdag'),(86464,4641,4642,4643,4644,4645,4646,4647,4648,4649,46410,46411,46412,46413,46413,46415,46,'Donderdag'),(86465,4651,4652,4653,4654,4655,4656,4657,4658,4659,46510,46511,46512,46513,46513,46515,46,'Vrijdag');
/*!40000 ALTER TABLE `roosterdag` ENABLE KEYS */;
UNLOCK TABLES;

--
-- Table structure for table `roosterweek`
--

DROP TABLE IF EXISTS `roosterweek`;
/*!40101 SET @saved_cs_client     = @@character_set_client */;
/*!50503 SET character_set_client = utf8mb4 */;
CREATE TABLE `roosterweek` (
  `RoosterWeekID` int(11) NOT NULL,
  `WeekNummer` int(11) DEFAULT NULL,
  `KlasID` int(11) DEFAULT NULL,
  PRIMARY KEY (`RoosterWeekID`)
) ENGINE=InnoDB DEFAULT CHARSET=utf8mb4 COLLATE=utf8mb4_0900_ai_ci;
/*!40101 SET character_set_client = @saved_cs_client */;

--
-- Dumping data for table `roosterweek`
--

LOCK TABLES `roosterweek` WRITE;
/*!40000 ALTER TABLE `roosterweek` DISABLE KEYS */;
INSERT INTO `roosterweek` VALUES (7744,7,77),(7745,8,77),(7746,9,77),(7844,7,78),(7845,8,78),(7846,9,78),(7944,7,79),(7945,8,79),(7946,9,79),(8044,7,80),(8045,8,80),(8046,9,80),(8144,7,81),(8145,8,81),(8146,9,81),(8244,7,82),(8245,8,82),(8246,9,82),(8344,7,83),(8345,8,83),(8346,9,83),(8444,7,84),(8445,8,84),(8446,9,84),(8544,7,85),(8545,8,85),(8546,9,85),(8644,7,86),(8645,8,86),(8646,9,86);
/*!40000 ALTER TABLE `roosterweek` ENABLE KEYS */;
UNLOCK TABLES;

--
-- Table structure for table `user`
--

DROP TABLE IF EXISTS `user`;
/*!40101 SET @saved_cs_client     = @@character_set_client */;
/*!50503 SET character_set_client = utf8mb4 */;
CREATE TABLE `user` (
  `UserID` int(11) NOT NULL,
  `Rol` varchar(45) DEFAULT NULL,
  `KlasID` int(11) DEFAULT NULL,
  `voornaam` varchar(45) DEFAULT NULL,
  `Email` varchar(45) DEFAULT NULL,
  `Wachtwoord` varchar(45) DEFAULT NULL,
  `Achternaam` varchar(45) DEFAULT NULL,
  `IsEmailGeverifieerd` int(1) DEFAULT NULL,
  `ActivatieCode` varchar(99) DEFAULT NULL,
  `ResetWachtwoordCode` varchar(99) DEFAULT NULL,
  PRIMARY KEY (`UserID`)
) ENGINE=InnoDB DEFAULT CHARSET=utf8mb4 COLLATE=utf8mb4_0900_ai_ci;
/*!40101 SET character_set_client = @saved_cs_client */;

--
-- Dumping data for table `user`
--

LOCK TABLES `user` WRITE;
/*!40000 ALTER TABLE `user` DISABLE KEYS */;
INSERT INTO `user` VALUES (1,'fds',2,'dfs','fds','gd','dg',1,'dsf','fsd');
/*!40000 ALTER TABLE `user` ENABLE KEYS */;
UNLOCK TABLES;

--
-- Table structure for table `vak`
--

DROP TABLE IF EXISTS `vak`;
/*!40101 SET @saved_cs_client     = @@character_set_client */;
/*!50503 SET character_set_client = utf8mb4 */;
CREATE TABLE `vak` (
  `VakID` int(11) NOT NULL,
  `Docent` varchar(45) DEFAULT NULL,
  `Locaal` varchar(45) DEFAULT NULL,
  `Naam` varchar(45) DEFAULT NULL,
  `Discriptie` varchar(45) DEFAULT NULL,
  `Isleeg` int(11) DEFAULT NULL,
  PRIMARY KEY (`VakID`)
) ENGINE=InnoDB DEFAULT CHARSET=utf8mb4 COLLATE=utf8mb4_0900_ai_ci;
/*!40101 SET character_set_client = @saved_cs_client */;

--
-- Dumping data for table `vak`
--

LOCK TABLES `vak` WRITE;
/*!40000 ALTER TABLE `vak` DISABLE KEYS */;
INSERT INTO `vak` VALUES (774412,'DUJAA','H.1.206,H.1.','H.1.206,H.1.','',0),(774413,'DUJAA','H.1.206,H.1.','H.1.206,H.1.','',0),(774414,'AMIGA','WD.05.002','WD.05.002','',0),(774415,'AMIGA','WD.05.002','WD.05.002','',0),(774416,'AMIGA','WD.05.002','WD.05.002','',0),(774422,'DUJAA','H.4.318','Skills 1','',0),(774423,'DUJAA','H.4.318','Skills 1','',0),(774424,'DUJAA','H.4.318,H.2.','H.4.318,H.2.','',0),(774425,'DUJAA','H.4.318,H.2.','H.4.318,H.2.','',0),(774426,'DUJAA','H.4.318,H.2.','H.4.318,H.2.','',0),(774427,'DUJAA','H.4.318,H.2.','H.4.318,H.2.','',0),(774428,'DUJAA','H.2.111','Studieloopbaancoaching ','680',0),(774429,'DUJAA','H.2.111','Museumpark','',0),(774438,'CAGFH','WD.04.020','Keuzevak Programmeren','',0),(774439,'CAGFH','WD.04.020','Keuzevak Programmeren','',0),(774441,'GIACF','H.2.403','Development 1','',0),(774442,'GIACF','H.2.403','Development 1','',0),(774444,'AMIGA','H.4.308','H.4.308','',0),(774445,'AMIGA','H.4.308','H.4.308','',0),(774453,'ABBAM','WD.01.016','Development 1','',0),(774454,'ABBAM','WD.01.016','Development 1','',0),(774455,'PEER 1A','WD.04.020','Peercoach les','1945',0),(774516,'TENTINT','H.1.318','Analyse 1','',0),(774517,'TENTINT','H.1.318','Analyse 1','',0),(774543,'TENTINT','H.5.314-C120','Development 1 ','',0),(774544,'TENTINT','H.5.314-C120','Development 1 ','',0),(774545,'TENTINT','H.5.314-C120','Development 1 ','',0),(774612,'1)','Project A ','Projectweek','2366',0),(774613,'1)','Project A ','Projectweek','2366',0),(774614,'1)','Project A ','Projectweek','2366',0),(774615,'1)','Project A ','Projectweek','2366',0),(774616,'TONIR','H.5.314-C120','Workshop','',0),(774617,'TONIR','H.5.314-C120','Workshop','',0),(774618,'TONIR','H.5.314-C120','Workshop','',0),(774636,'TONIR','H.5.314-C120','Workshop','',0),(774637,'TONIR','H.5.314-C120','Workshop','',0),(774638,'TONIR','H.5.314-C120','Workshop','',0),(784422,'ROMAW','WD.04.002','Skills 1','',0),(784423,'ROMAW','WD.04.002','Skills 1','',0),(784424,'ROMAW','WD.04.002,H.','WD.04.002,H.','',0),(784425,'ROMAW','WD.04.002,H.','WD.04.002,H.','',0),(784426,'ROMAW','WD.04.002,H.','WD.04.002,H.','',0),(784427,'ROMAW','WD.04.002,H.','WD.04.002,H.','',0),(784428,'ROMAW','H.2.306','Studieloopbaancoaching ','681',0),(784429,'ROMAW','H.2.306','Museumpark','',0),(784443,'BASHB','H.5.314-T60','Analyse 1','',0),(784444,'BASHB','H.5.314-T60','Analyse 1','',0),(784445,'MAGGG','H.5.314-C120','Development 1','',0),(784446,'MAGGG','H.5.314-C120','Development 1','',0),(784448,'PEER 1B','WD.04.020','Peercoach les','2048',0),(784453,'Saleem','WD.01.016','Development 1','',0),(784454,'Saleem','WD.01.016','Development 1','',0),(784455,'BASHB','H.4.308','Analyse 1','',0),(784456,'BASHB','H.4.308','Analyse 1','',0),(784516,'TENTINT','H.1.403','Analyse 1','',0),(784517,'TENTINT','H.1.403','Analyse 1','',0),(784543,'TENTINT','H.5.314-C120','Development 1 ','',0),(784544,'TENTINT','H.5.314-C120','Development 1 ','',0),(784545,'TENTINT','H.5.314-C120','Development 1 ','',0),(784612,'1)','Project A ','Projectweek','2366',0),(784613,'1)','Project A ','Projectweek','2366',0),(784614,'1)','Project A ','Projectweek','2366',0),(784615,'1)','Project A ','Projectweek','2366',0),(784616,'TONIR','H.5.314-C120','Workshop','',0),(784617,'TONIR','H.5.314-C120','Workshop','',0),(784618,'TONIR','H.5.314-C120','Workshop','',0),(784636,'TONIR','H.5.314-C120','Workshop','',0),(784637,'TONIR','H.5.314-C120','Workshop','',0),(784638,'TONIR','H.5.314-C120','Workshop','',0),(794411,'BUSAL','H.5.314-T60','Development 1','',0),(794412,'BUSAL','H.5.314-T60','Development 1','',0),(794413,'BARDR','H.2.204','Development 1','',0),(794414,'BARDR','H.2.204','Development 1','',0),(794422,'KLEIW','WD.04.016','Skills 1','',0),(794423,'KLEIW','WD.04.016','Skills 1','',0),(794424,'KLEIW','WD.04.016','WD.04.016','',0),(794425,'KLEIW','WD.04.016','WD.04.016','',0),(794426,'KLEIW','WD.04.016','WD.04.016','',0),(794427,'KLEIW','WD.04.016','WD.04.016','',0),(794428,'KLEIW','H.4.109','Studieloopbaancoaching ','690',0),(794429,'KLEIW','H.4.109','Museumpark','',0),(794445,'BASHB','WD.04.016','Analyse 1','',0),(794446,'BASHB','WD.04.016','Analyse 1','',0),(794447,'PEER 1C','WD.01.003','Peercoach les','1946',0),(794453,'BASHB','H.4.308','Analyse 1','',0),(794454,'BASHB','H.4.308','Analyse 1','',0),(794516,'TENTINT','WD.05.005','Analyse 1','',0),(794517,'TENTINT','WD.05.005','Analyse 1','',0),(794543,'TENTINT','H.5.314-C120','Development 1 ','',0),(794544,'TENTINT','H.5.314-C120','Development 1 ','',0),(794545,'TENTINT','H.5.314-C120','Development 1 ','',0),(794612,'1)','Project A ','Projectweek','2366',0),(794613,'1)','Project A ','Projectweek','2366',0),(794614,'1)','Project A ','Projectweek','2366',0),(794615,'1)','Project A ','Projectweek','2366',0),(794616,'TONIR','H.5.314-C120','Workshop','',0),(794617,'TONIR','H.5.314-C120','Workshop','',0),(794618,'TONIR','H.5.314-C120','Workshop','',0),(794636,'TONIR','H.5.314-C120','Workshop','',0),(794637,'TONIR','H.5.314-C120','Workshop','',0),(794638,'TONIR','H.5.314-C120','Workshop','',0),(804411,'BUSAL','H.5.314-T60','Development 1','',0),(804412,'BUSAL','H.5.314-T60','Development 1','',0),(804413,'COSTG','H.2.204','Development 1','',0),(804414,'COSTG','H.2.204','Development 1','',0),(804426,'JGBOS','WD.05.005','Analyse 1','',0),(804427,'JGBOS','WD.05.005','Analyse 1','',0),(804428,'PEER 1D','WD.05.018','Peercoach les','1947',0),(804429,'ROMAW','Museumpark','0-meting Engels','',0),(804432,'HASXE','H.4.318','Skills 1','',0),(804433,'HASXE','H.4.318','Skills 1','',0),(804434,'JONOW','H.4.318,H.1.','H.4.318,H.1.','',0),(804435,'JONOW','H.4.318,H.1.','H.4.318,H.1.','',0),(804436,'JONOW','H.4.318,H.1.','H.4.318,H.1.','',0),(804437,'JONOW','H.4.318,H.1.','H.4.318,H.1.','',0),(804438,'HASXE','H.1.112','Studieloopbaancoaching ','684',0),(804439,'HASXE','H.1.112','Studieloopbaancoaching ','684',0),(804445,'JGBOS','WD.04.002','Analyse 1','',0),(804446,'JGBOS','WD.04.002','Analyse 1','',0),(804516,'TENTINT','WD.01.016','Analyse 1','',0),(804517,'TENTINT','WD.01.016','Analyse 1','',0),(804543,'TENTINT','H.5.314-C120','Development 1 ','',0),(804544,'TENTINT','H.5.314-C120','Development 1 ','',0),(804545,'TENTINT','H.5.314-C120','Development 1 ','',0),(804612,'1)','Project A ','Projectweek','2366',0),(804613,'1)','Project A ','Projectweek','2366',0),(804614,'1)','Project A ','Projectweek','2366',0),(804615,'1)','Project A ','Projectweek','2366',0),(804616,'TONIR','H.5.314-C120','Workshop','',0),(804617,'TONIR','H.5.314-C120','Workshop','',0),(804618,'TONIR','H.5.314-C120','Workshop','',0),(804636,'TONIR','H.5.314-C120','Workshop','',0),(804637,'TONIR','H.5.314-C120','Workshop','',0),(804638,'TONIR','H.5.314-C120','Workshop','',0),(814427,'PEER 1E','WD.05.018','Peercoach les','1948',0),(814429,'ROMAW','Museumpark','0-meting Engels','',0),(814432,'IJPEW','WD.04.002','Skills 1','',0),(814433,'IJPEW','WD.04.002','Skills 1','',0),(814434,'IJPEW','WD.04.002,H.','WD.04.002,H.','',0),(814435,'IJPEW','WD.04.002,H.','WD.04.002,H.','',0),(814436,'IJPEW','WD.04.002,H.','WD.04.002,H.','',0),(814437,'IJPEW','WD.04.002,H.','WD.04.002,H.','',0),(814438,'IJPEW','H.2.111','Studieloopbaancoaching ','685',0),(814439,'IJPEW','H.2.111','Studieloopbaancoaching ','685',0),(814445,'MAGGG','H.5.314-C120','Development 1','',0),(814446,'MAGGG','H.5.314-C120','Development 1','',0),(814447,'JGBOS','H.5.314-C120','Development 1','',0),(814448,'JGBOS','H.5.314-C120','Development 1','',0),(814454,'CHAMA','WD.04.016','Analyse 1','',0),(814455,'CHAMA','WD.04.016','Analyse 1','',0),(814456,'CHAMA','WD.04.016','Analyse 1','',0),(814457,'CHAMA','WD.04.016','Analyse 1','',0),(814516,'TENTINT','WD.01.016','Analyse 1','',0),(814517,'TENTINT','WD.01.016','Analyse 1','',0),(814543,'TENTINT','H.5.314-C120','Development 1 ','',0),(814544,'TENTINT','H.5.314-C120','Development 1 ','',0),(814545,'TENTINT','H.5.314-C120','Development 1 ','',0),(814612,'1)','Project A ','Projectweek','2366',0),(814613,'1)','Project A ','Projectweek','2366',0),(814614,'1)','Project A ','Projectweek','2366',0),(814615,'1)','Project A ','Projectweek','2366',0),(814616,'TONIR','H.5.314-C120','Workshop','',0),(814617,'TONIR','H.5.314-C120','Workshop','',0),(814618,'TONIR','H.5.314-C120','Workshop','',0),(814636,'TONIR','H.5.314-C120','Workshop','',0),(814637,'TONIR','H.5.314-C120','Workshop','',0),(814638,'TONIR','H.5.314-C120','Workshop','',0),(824414,'DOBRA','H.2.308','Analyse 1','',0),(824415,'DOBRA','H.2.308','Analyse 1','',0),(824422,'HASXE','WD.01.003','Skills 1','',0),(824423,'HASXE','WD.01.003','Skills 1','',0),(824424,'HASXE','WD.01.003','WD.01.003','',0),(824425,'HASXE','WD.01.003','WD.01.003','',0),(824426,'HASXE','WD.01.003','WD.01.003','',0),(824427,'HASXE','WD.01.003','WD.01.003','',0),(824428,'HASXE','WD.00.018','Studieloopbaancoaching ','686',0),(824429,'HASXE','WD.00.018','Museumpark','',0),(824443,'DOBRA','WD.04.016','Analyse 1','',0),(824444,'DOBRA','WD.04.016','Analyse 1','',0),(824445,'MAGGG','H.5.314-C120','Development 1','',0),(824446,'MAGGG','H.5.314-C120','Development 1','',0),(824447,'BARDR','H.5.314-C120','Development 1','',0),(824448,'BARDR','H.5.314-C120','Development 1','',0),(824449,'PEER 1F','WD.04.002','Peercoach les','1949',0),(824516,'TENTINT','WD.05.002','Analyse 1','',0),(824517,'TENTINT','WD.05.002','Analyse 1','',0),(824543,'TENTINT','H.5.314-C120','Development 1 ','',0),(824544,'TENTINT','H.5.314-C120','Development 1 ','',0),(824545,'TENTINT','H.5.314-C120','Development 1 ','',0),(824612,'1)','Project A ','Projectweek','2366',0),(824613,'1)','Project A ','Projectweek','2366',0),(824614,'1)','Project A ','Projectweek','2366',0),(824615,'1)','Project A ','Projectweek','2366',0),(824616,'TONIR','H.5.314-C120','Workshop','',0),(824617,'TONIR','H.5.314-C120','Workshop','',0),(824618,'TONIR','H.5.314-C120','Workshop','',0),(824636,'TONIR','H.5.314-C120','Workshop','',0),(824637,'TONIR','H.5.314-C120','Workshop','',0),(824638,'TONIR','H.5.314-C120','Workshop','',0),(834415,'BUSAL','WD.01.016','Development 1','',0),(834416,'BUSAL','WD.01.016','Development 1','',0),(834417,'CALDJ','WD.01.016','Development 1','',0),(834418,'CALDJ','WD.01.016','Development 1','',0),(834422,'HOOFR','WD.04.020','WD.04.020','',0),(834423,'HOOFR','WD.04.020','WD.04.020','',0),(834424,'HOOFR','WD.04.020','WD.04.020','',0),(834425,'HOOFR','WD.04.020','WD.04.020','',0),(834426,'ROODA','WD.04.020','Skills 1','',0),(834427,'ROODA','WD.04.020','Skills 1','',0),(834428,'ROODA','H.1.112','Studieloopbaancoaching ','2045',0),(834429,'ROODA','H.1.112','Museumpark','',0),(834435,'JGBOS','H.1.308','Analyse 1','',0),(834436,'JGBOS','H.1.308','Analyse 1','',0),(834443,'JGBOS','WD.04.020','Analyse 1','',0),(834444,'JGBOS','WD.04.020','Analyse 1','',0),(834445,'PEER 1H','H.1.318','Peercoach les','1950',0),(834516,'TENTINT','WD.05.013','Analyse 1','',0),(834517,'TENTINT','WD.05.013','Analyse 1','',0),(834547,'TENTINT','H.5.314-C120','Development 1 ','',0),(834548,'TENTINT','H.5.314-C120','Development 1 ','',0),(834549,'TENTINT','H.5.314-C120','Development 1 ','',0),(834612,'1)','Projectweek','2366','',0),(834613,'1)','Projectweek','2366','',0),(834614,'1)','Projectweek','2366','',0),(834615,'1)','Projectweek','2366','',0),(834616,'TONIR','H.5.314-C120','Workshop','',0),(834617,'TONIR','H.5.314-C120','Workshop','',0),(834618,'TONIR','H.5.314-C120','Workshop','',0),(834636,'TONIR','H.5.314-C120','Workshop','',0),(834637,'TONIR','H.5.314-C120','Workshop','',0),(834638,'TONIR','H.5.314-C120','Workshop','',0),(844415,'BUSAL','WD.01.016','Development 1','',0),(844416,'BUSAL','WD.01.016','Development 1','',0),(844417,'COSTG','WD.01.016','Development 1','',0),(844418,'COSTG','WD.01.016','Development 1','',0),(844423,'KONOA','H.0.405','Analyse 1','',0),(844424,'KONOA','H.0.405','Analyse 1','',0),(844426,'KONOA','H.5.314-T60','Analyse 1','',0),(844427,'KONOA','H.5.314-T60','Analyse 1','',0),(844428,'PEER 1I','WN.05.026','Peercoach les','1951',0),(844429,'ROMAW','Museumpark','0-meting Engels','',0),(844432,'ROODA','H.4.308','Skills 1','',0),(844433,'ROODA','H.4.308','Skills 1','',0),(844434,'ROODA','H.4.308,H.1.','H.4.308,H.1.','',0),(844435,'ROODA','H.4.308,H.1.','H.4.308,H.1.','',0),(844436,'ROODA','H.4.308,H.1.','H.4.308,H.1.','',0),(844437,'ROODA','H.4.308,H.1.','H.4.308,H.1.','',0),(844438,'ROODA','H.1.110','Studieloopbaancoaching ','683',0),(844439,'ROODA','H.1.110','Studieloopbaancoaching ','683',0),(844516,'TENTINT','WD.05.018','Analyse 1','',0),(844517,'TENTINT','WD.05.018','Analyse 1','',0),(844547,'TENTINT','H.5.314-C120','Development 1 ','',0),(844548,'TENTINT','H.5.314-C120','Development 1 ','',0),(844549,'TENTINT','H.5.314-C120','Development 1 ','',0),(844612,'1)','Projectweek','2366','',0),(844613,'1)','Projectweek','2366','',0),(844614,'1)','Projectweek','2366','',0),(844615,'1)','Projectweek','2366','',0),(844616,'TONIR','H.5.314-C120','Workshop','',0),(844617,'TONIR','H.5.314-C120','Workshop','',0),(844618,'TONIR','H.5.314-C120','Workshop','',0),(844636,'TONIR','H.5.314-C120','Workshop','',0),(844637,'TONIR','H.5.314-C120','Workshop','',0),(844638,'TONIR','H.5.314-C120','Workshop','',0),(854417,'VRAJL','WD.05.013','Analyse 1','',0),(854418,'VRAJL','WD.05.013','Analyse 1','',0),(854422,'LINTD','WD.02.002','Skills 1','',0),(854423,'LINTD','WD.02.002','Skills 1','',0),(854424,'LINTD','WD.02.002','WD.02.002','',0),(854425,'LINTD','WD.02.002','WD.02.002','',0),(854426,'LINTD','WD.02.002','WD.02.002','',0),(854427,'LINTD','WD.02.002','WD.02.002','',0),(854428,'LINTD','H.1.114','Studieloopbaancoaching ','689',0),(854429,'LINTD','H.1.114','Museumpark','',0),(854441,'GIACF','H.2.403','Development 1','',0),(854442,'GIACF','H.2.403','Development 1','',0),(854444,'CALDJ','H.2.403','Development 1','',0),(854445,'CALDJ','H.2.403','Development 1','',0),(854448,'PEER 1J','WD.04.016','Peercoach les','1952',0),(854449,'VRAJL','H.4.318','Analyse 1','',0),(854516,'TENTINT','WD.04.020','Analyse 1','',0),(854517,'TENTINT','WD.04.020','Analyse 1','',0),(854547,'TENTINT','H.5.314-C120','Development 1 ','',0),(854548,'TENTINT','H.5.314-C120','Development 1 ','',0),(854549,'TENTINT','H.5.314-C120','Development 1 ','',0),(854612,'1)','Projectweek','2366','',0),(854613,'1)','Projectweek','2366','',0),(854614,'1)','Projectweek','2366','',0),(854615,'1)','Projectweek','2366','',0),(854616,'TONIR','H.5.314-C120','Workshop','',0),(854617,'TONIR','H.5.314-C120','Workshop','',0),(854618,'TONIR','H.5.314-C120','Workshop','',0),(854636,'TONIR','H.5.314-C120','Workshop','',0),(854637,'TONIR','H.5.314-C120','Workshop','',0),(854638,'TONIR','H.5.314-C120','Workshop','',0),(864429,'ROMAW','Museumpark','0-meting Engels','',0),(864432,'LINTD','WD.04.016','Skills 1','',0),(864433,'LINTD','WD.04.016','Skills 1','',0),(864434,'LINTD','WD.04.016,H.','WD.04.016,H.','',0),(864435,'LINTD','WD.04.016,H.','WD.04.016,H.','',0),(864436,'LINTD','WD.04.016,H.','WD.04.016,H.','',0),(864437,'LINTD','WD.04.016,H.','WD.04.016,H.','',0),(864438,'LINTD','H.1.114','Studieloopbaancoaching ','691',0),(864439,'LINTD','H.1.114','Studieloopbaancoaching ','691',0),(864441,'GIACF','H.2.403','Development 1','',0),(864442,'GIACF','H.2.403','Development 1','',0),(864444,'HEIGA','H.2.403','Development 1','',0),(864445,'HEIGA','H.2.403','Development 1','',0),(864447,'VRAJL','H.4.318','Analyse 1','',0),(864448,'VRAJL','H.4.318','Analyse 1','',0),(864452,'VRAJL','WD.04.016','Analyse 1','',0),(864453,'VRAJL','WD.04.016','Analyse 1','',0),(864454,'PEER 1K','H.1.318','Peercoach les','1958',0),(864547,'TENTINT','H.5.314-C120','Development 1 ','',0),(864548,'TENTINT','H.5.314-C120','Development 1 ','',0),(864549,'TENTINT','H.5.314-C120','Development 1 ','',0),(864612,'1)','Projectweek','2366','',0),(864613,'1)','Projectweek','2366','',0),(864614,'1)','Projectweek','2366','',0),(864615,'1)','Projectweek','2366','',0),(864616,'TONIR','H.5.314-C120','Workshop','',0),(864617,'TONIR','H.5.314-C120','Workshop','',0),(864618,'TONIR','H.5.314-C120','Workshop','',0),(864636,'TONIR','H.5.314-C120','Workshop','',0),(864637,'TONIR','H.5.314-C120','Workshop','',0),(864638,'TONIR','H.5.314-C120','Workshop','',0),(7744210,'ROMAW','Museumpark','0-meting Engels','',0),(7744211,'ROMAW','Museumpark','0-meting Engels','',0),(7744310,'CAGFH','WD.04.020','Keuzevak Programmeren','',0),(7844210,'ROMAW','Museumpark','0-meting Engels','',0),(7844211,'ROMAW','Museumpark','0-meting Engels','',0),(7944210,'ROMAW','Museumpark','0-meting Engels','',0),(7944211,'ROMAW','Museumpark','0-meting Engels','',0),(8044210,'ROMAW','Museumpark','0-meting Engels','',0),(8044211,'ROMAW','Museumpark','0-meting Engels','',0),(8144210,'ROMAW','Museumpark','0-meting Engels','',0),(8144211,'ROMAW','Museumpark','0-meting Engels','',0),(8244210,'ROMAW','Museumpark','0-meting Engels','',0),(8244211,'ROMAW','Museumpark','0-meting Engels','',0),(8344210,'ROMAW','Museumpark','0-meting Engels','',0),(8344211,'ROMAW','Museumpark','0-meting Engels','',0),(8444210,'ROMAW','Museumpark','0-meting Engels','',0),(8444211,'ROMAW','Museumpark','0-meting Engels','',0),(8544210,'ROMAW','Museumpark','0-meting Engels','',0),(8544211,'ROMAW','Museumpark','0-meting Engels','',0),(8544410,'VRAJL','H.4.318','Analyse 1','',0),(8644210,'ROMAW','Museumpark','0-meting Engels','',0),(8644211,'ROMAW','Museumpark','0-meting Engels','',0);
/*!40000 ALTER TABLE `vak` ENABLE KEYS */;
UNLOCK TABLES;

--
-- Table structure for table `vraag`
--

DROP TABLE IF EXISTS `vraag`;
/*!40101 SET @saved_cs_client     = @@character_set_client */;
/*!50503 SET character_set_client = utf8mb4 */;
CREATE TABLE `vraag` (
  `vraagID` int(11) NOT NULL,
  `UserID` int(11) DEFAULT NULL,
  `VakID` int(11) DEFAULT NULL,
  `VraagText` varchar(45) DEFAULT NULL,
  `AndwoordText` varchar(45) DEFAULT NULL,
  `IsFAQ` int(11) DEFAULT NULL,
  `DateAdded` datetime(6) DEFAULT NULL,
  `EndDate` datetime(6) DEFAULT NULL,
  `Locatie` varchar(45) DEFAULT NULL,
  PRIMARY KEY (`vraagID`)
) ENGINE=InnoDB DEFAULT CHARSET=utf8mb4 COLLATE=utf8mb4_0900_ai_ci;
/*!40101 SET character_set_client = @saved_cs_client */;

--
-- Dumping data for table `vraag`
--

LOCK TABLES `vraag` WRITE;
/*!40000 ALTER TABLE `vraag` DISABLE KEYS */;
INSERT INTO `vraag` VALUES (1,1,1,'Wat is scrum?',NULL,0,NULL,NULL,NULL);
/*!40000 ALTER TABLE `vraag` ENABLE KEYS */;
UNLOCK TABLES;

--
-- Table structure for table `wachtrij`
--

DROP TABLE IF EXISTS `wachtrij`;
/*!40101 SET @saved_cs_client     = @@character_set_client */;
/*!50503 SET character_set_client = utf8mb4 */;
CREATE TABLE `wachtrij` (
  `WachtrijId` int(11) NOT NULL,
  `Naam` varchar(45) DEFAULT NULL,
  `BeginTijd` datetime DEFAULT NULL,
  `EindTijd` datetime DEFAULT NULL,
  PRIMARY KEY (`WachtrijId`)
) ENGINE=InnoDB DEFAULT CHARSET=utf8mb4 COLLATE=utf8mb4_0900_ai_ci;
/*!40101 SET character_set_client = @saved_cs_client */;

--
-- Dumping data for table `wachtrij`
--

LOCK TABLES `wachtrij` WRITE;
/*!40000 ALTER TABLE `wachtrij` DISABLE KEYS */;
INSERT INTO `wachtrij` VALUES (1,'Algemeen',NULL,NULL);
/*!40000 ALTER TABLE `wachtrij` ENABLE KEYS */;
UNLOCK TABLES;
/*!40103 SET TIME_ZONE=@OLD_TIME_ZONE */;

/*!40101 SET SQL_MODE=@OLD_SQL_MODE */;
/*!40014 SET FOREIGN_KEY_CHECKS=@OLD_FOREIGN_KEY_CHECKS */;
/*!40014 SET UNIQUE_CHECKS=@OLD_UNIQUE_CHECKS */;
/*!40101 SET CHARACTER_SET_CLIENT=@OLD_CHARACTER_SET_CLIENT */;
/*!40101 SET CHARACTER_SET_RESULTS=@OLD_CHARACTER_SET_RESULTS */;
/*!40101 SET COLLATION_CONNECTION=@OLD_COLLATION_CONNECTION */;
/*!40111 SET SQL_NOTES=@OLD_SQL_NOTES */;

-- Dump completed on 2019-11-12 15:44:00
